date,lines
2025-06-09,0
2025-06-10,317
2025-06-12,466
2025-06-14,737
2025-06-15,625
2025-06-18,1041
2025-06-19,1330
2025-06-21,1125
2025-06-22,1512
2025-06-23,1740
2025-06-24,2604
2025-06-25,3198
2025-06-26,3825
2025-06-27,5055
2025-06-28,5117
2025-06-29,6143
2025-06-30,6267
2025-07-01,5393
2025-07-02,5843
2025-07-03,6522
2025-07-04,6773
2025-07-25,7045
2025-07-26,7042
2025-07-28,6607
2025-07-31,6703
2025-08-01,5591
2025-08-02,5456
2025-08-03,5286
2025-08-05,5320
2025-08-06,5246
2025-08-07,5229
2025-08-08,5341
2025-08-10,5103
2025-08-11,5130
2025-08-12,5133
2025-08-13,5166
2025-08-14,5358
2025-08-15,5404
2025-08-16,5437
2025-08-17,5538
2025-08-18,5541
2025-08-19,5541
2025-08-20,5626
2025-10-13,5629
2025-10-14,5629
2025-10-15,5644
2025-10-31,5627
2025-11-06,5658
2025-12-10,5782
2025-12-16,5911
2025-12-17,5915
2025-12-18,6028
2025-12-19,6199
2025-12-20,6210
2025-12-21,6250
2025-12-22,6262
2025-12-23,7259
2026-01-13,7296
2026-01-15,7343
2026-01-16,7356
2026-01-17,7371
2026-01-22,7366
2026-01-26,7366
2026-02-06,7366
2026-02-10,7572
2026-02-11,7670
2026-02-12,7670
2026-04-29,8010
2026-04-30,8503
2026-05-01,9238
2026-05-02,11021
2026-05-03,11361
2026-05-04,12197
2026-05-05,14183
2026-05-06,15820
2026-05-07,20829
2026-05-08,24702
2026-05-09,32026
2026-05-10,34039
2026-05-11,36166
2026-05-12,37454
